{
    "accuracy_measurements": [
        0,
        0,
        0,
        0,
        1,
        0,
        0,
        1,
        0,
        1,
        0
    ],
    "mean_accuracy": 0.2727272727272727,
    "mae": 0.35451666666666665,
    "mse": 0.3914500416666668,
    "llm_average_score": 0.3
}
