{
    "accuracy_measurements": [
        1,
        0,
        1,
        0,
        1,
        1,
        1,
        1,
        0,
        1,
        1
    ],
    "mean_accuracy": 0.7272727272727273,
    "mae": 0.17092727272727273,
    "mse": 0.21345604727272727,
    "llm_average_score": 0.7272727272727273
}
