{
    "accuracy_measurements": [
        1,
        0,
        1,
        0,
        1,
        1,
        1,
        1,
        0,
        1,
        1
    ],
    "mean_accuracy": 0.7272727272727273,
    "mae": 0.17370909090909092,
    "mse": 0.20613450909090913,
    "llm_average_score": 0.7272727272727273
}
