{
    "accuracy_measurements": [
        0,
        0,
        0,
        0,
        1,
        1,
        1,
        0,
        0,
        0,
        0,
        1,
        0
    ],
    "mean_accuracy": 0.3076923076923077,
    "mae": 3.474771428571428,
    "mse": 80.51057505714284,
    "llm_average_score": 0.36363636363636365
}
