{
    "accuracy_measurements": [
        1,
        0,
        1,
        0,
        1,
        1,
        1,
        1,
        0,
        1,
        1
    ],
    "mean_accuracy": 0.7272727272727273,
    "mae": 0.19337272727272728,
    "mse": 0.21351820454545462,
    "llm_average_score": 0.7272727272727273
}
