{
    "accuracy_measurements": [
        1,
        0,
        0,
        0,
        1,
        0,
        0,
        1,
        0,
        0,
        1
    ],
    "mean_accuracy": 0.36363636363636365,
    "mae": 251.86694444444453,
    "mse": 565015.1306758546,
    "llm_average_score": 0.4
}
