{
    "accuracy_measurements": [
        1,
        0,
        1,
        0,
        1,
        1,
        1,
        1,
        0,
        1,
        1
    ],
    "mean_accuracy": 0.7272727272727273,
    "mae": 0.19339090909090909,
    "mse": 0.21351820818181827,
    "llm_average_score": 0.6363636363636364
}
