{
    "accuracy_measurements": [
        1,
        0,
        0,
        1,
        1,
        1,
        1,
        1,
        0,
        0,
        1
    ],
    "mean_accuracy": 0.6363636363636364,
    "mae": 207.62789999999998,
    "mse": 462316.6025282228,
    "llm_average_score": 0.6363636363636364
}
