{
    "accuracy_measurements": [
        1,
        1,
        1,
        0,
        1,
        1,
        1,
        1,
        0,
        1,
        1
    ],
    "mean_accuracy": 0.8181818181818182,
    "mae": 0.16195454545454546,
    "mse": 0.20859674272727274,
    "llm_average_score": 0.8181818181818182
}
