{
    "accuracy_measurements": [
        0,
        0,
        0,
        0,
        0,
        0,
        0,
        0,
        1,
        1,
        1,
        1,
        0,
        1,
        1
    ],
    "mean_accuracy": 0.4,
    "mae": 0.23843333333333336,
    "mse": 0.26989205,
    "llm_average_score": 0.7272727272727273
}
